genre,artist,language,tempo,energy,danceability,acousticness,instrumentalness,valence,liveness,speechiness,loudness,lyrics_sentiment,emotion_tag,predicted_like
1,0,0,0.2672612419124244,0.4319342127906803,0.9258200997725518,-0.46291004988627565,0.0,0.9805806756909198,-1.2247448713915896,8.49837472194074e-16,0.4629100498862757,1,1,0
2,1,0,1.0690449676496976,0.9502552681394962,0.46291004988627565,-0.9258200997725514,0.0,0.3922322702763679,1.2247448713915885,1.2247448713915894,0.9258200997725514,0,0,0
0,2,0,-1.3363062095621219,-1.382189480930176,-1.3887301496588271,1.3887301496588271,0.0,-1.3728129459672884,-3.3993498887762963e-16,-1.2247448713915885,-1.3887301496588271,2,2,0
